[
    {
        "name": "Товар 1 (Категория 1)",
        "price": 20.5,
        "discount": 0.1
    }, {
        "name": "Товар 2 (Категория 1)",
        "price": 10.1,
        "discount": 0.2
    }, {
        "name": "Товар 3 (Категория 1)",
        "price": 30.3,
        "discount": 0
    }, {
        "name": "Товар 4 (Категория 1)",
        "price": 41.6,
        "discount": 0.15
    }, {
        "name": "Товар 1 (Категория 2)",
        "price": 21.2,
        "discount": 0
    }, {
        "name": "Товар 2 (Категория 2)",
        "price": 11.9,
        "discount": 0.2
    }, {
        "name": "Товар 3 (Категория 2)",
        "price": 10.5,
        "discount": 0.1
    }, {
        "name": "Товар 4 (Категория 2)",
        "price": 45.5,
        "discount": 0.1
    }, {
        "name": "Товар 1 (Категория 3)",
        "price": 22.3,
        "discount": 0
    }, {
        "name": "Товар 2 (Категория 3)",
        "price": 12.3,
        "discount": 0.1
    }, {
        "name": "Товар 3 (Категория 3)",
        "price": 9.6,
        "discount": 0.01
    }, {
        "name": "Товар 4 (Категория 3)",
        "price": 50.5,
        "discount": 0.05
    }
]
